{
  "project_info": {
    "project_number": "351789070946",
    "project_id": "signup-login-ff2f3",
    "storage_bucket": "signup-login-ff2f3.firebasestorage.app"
  },
  "client": [
    {
      "client_info": {
        "mobilesdk_app_id": "1:351789070946:android:5a702726d8b093d1086f3b",
        "android_client_info": {
          "package_name": "com.example.signuplogin"
        }
      },
      "oauth_client": [],
      "api_key": [
        {
          "current_key": "AIzaSyBEfzWcKXYxycwgKxUb0HrfJQRNeZt3LYc"
        }
      ],
      "services": {
        "appinvite_service": {
          "other_platform_oauth_client": []
        }
      }
    }
  ],
  "configuration_version": "1"
}